[
    {
        "label": "서울",
        "latlng": [37.5683, 126.9778],
        "cityName": "Seoul"
    },
    {
        "label": "인천",
        "latlng": [37.4536, 126.7317],
        "cityName": "Incheon"
    },
    {
        "label": "수원",
        "latlng": [37.2911, 127.0089],
        "cityName": "Suwon"
    },
    {
        "label": "대전",
        "latlng": [36.3519957815787, 127.39131469478555],
        "cityName": "Daejeon"
    },
    {
        "label": "태백",
        "latlng": [37.16122778, 128.9879972],
        "cityName": "Taebaek"
    },
    {
        "label": "강릉",
        "latlng": [37.74913611, 128.8784972],
        "cityName": "Gangneung"
    },
    {
        "label": "대구",
        "latlng": [35.8715, 128.6017],
        "cityName": "Daegu"
    },
    {
        "label": "울산",
        "latlng": [35.536, 129.3123],
        "cityName": "Ulsan"
    },
    {
        "label": "부산",
        "latlng": [35.185997613083536, 129.0662809358643],
        "cityName": "Busan"
    },
    {
        "label": "전주",
        "latlng": [35.90493196781132, 127.17357575637105],
        "cityName": "Jeonju"
    },
    {
        "label": "광주",
        "latlng": [35.166611792579545, 126.84603104436039],
        "cityName": "Gwangju"
    },
    {
        "label": "목포",
        "latlng": [34.823630139082525, 126.39766650967137],
        "cityName": "Mokpo"
    },
    {
        "label": "제주도",
        "latlng": [33.5097, 126.5219],
        "cityName": "Jeju"
    }
]